 ---INSERT ADDRESS DETAILS
INSERT INTO ADDRESS(ID,CITY,POSTAL_CODE, ADDRESS_LINE1,ADDRESS_LINE2,SUBURB,LOCATION_PIN)VALUES (1,'JOHANNESBURG','0000','address 1','address 2','Johannesburg','0000000000000'); 
INSERT INTO ADDRESS(ID,CITY,POSTAL_CODE, ADDRESS_LINE1,ADDRESS_LINE2,SUBURB,LOCATION_PIN)VALUES (2,'JOHANNESBURG','0000','address 1','address 2','Johannesburg','0000000000000'); 
INSERT INTO ADDRESS(ID,CITY,POSTAL_CODE, ADDRESS_LINE1,ADDRESS_LINE2,SUBURB,LOCATION_PIN)VALUES (3,'JOHANNESBURG','0000','address 1','address 2','Johannesburg','0000000000000'); 
INSERT INTO ADDRESS(ID,CITY,POSTAL_CODE, ADDRESS_LINE1,ADDRESS_LINE2,SUBURB,LOCATION_PIN)VALUES (4,'JOHANNESBURG','0000','address 1','address 2','Johannesburg','0000000000000'); 
   
     
---INSERT PERSON DETAILS
INSERT INTO PERSON (ID,CELLPHONE,EMAIL_ADDRESS,NAME,SURNAME,ID_NUMBER,ADDRESS_ID) VALUES (1,'0000000000','test@gmail.com','abel', 'abel','',1); 
INSERT INTO PERSON (ID,CELLPHONE,EMAIL_ADDRESS,NAME,SURNAME,ID_NUMBER,ADDRESS_ID) VALUES (2,'0000000000','test2@gmail.com','suresh', 'suresh','',2); 
INSERT INTO PERSON (ID,CELLPHONE,EMAIL_ADDRESS,NAME,SURNAME,ID_NUMBER,ADDRESS_ID) VALUES (3,'0000000000','test3@gmail.com','sudhir', 'sudhir','',3); 
INSERT INTO PERSON (ID,CELLPHONE,EMAIL_ADDRESS,NAME,SURNAME,ID_NUMBER,ADDRESS_ID) VALUES (4,'0000000000','test4@gmail.com','user', 'user','',4); 
                

---INSERT USER DETAILS
--password = string
INSERT INTO SYS_USER (ID,LAST_SIGNED_IN,PASSWORD,USER_STATUS,USER_TYPE,USER_NAME,PERSON_ID) VALUES (1,'2020-04-20','$2a$10$MulQcwryenw/PDgUXOIUf.5KcDgHoeXvwAJfPn8O5AaG8oaPFDaB6','ACTIVE','SYS_ADMIN','abel',1); 
INSERT INTO SYS_USER (ID,LAST_SIGNED_IN,PASSWORD,USER_STATUS,USER_TYPE,USER_NAME,PERSON_ID) VALUES (2,'2020-04-20','$2a$10$MulQcwryenw/PDgUXOIUf.5KcDgHoeXvwAJfPn8O5AaG8oaPFDaB6','ACTIVE','SYS_ADMIN','suresh',2); 
INSERT INTO SYS_USER (ID,LAST_SIGNED_IN,PASSWORD,USER_STATUS,USER_TYPE,USER_NAME,PERSON_ID) VALUES (3,'2020-04-20','$2a$10$MulQcwryenw/PDgUXOIUf.5KcDgHoeXvwAJfPn8O5AaG8oaPFDaB6','ACTIVE','SYS_ADMIN','sudhir',3); 
INSERT INTO SYS_USER (ID,LAST_SIGNED_IN,PASSWORD,USER_STATUS,USER_TYPE,USER_NAME,PERSON_ID) VALUES (4,'2020-04-20','$2a$10$MulQcwryenw/PDgUXOIUf.5KcDgHoeXvwAJfPn8O5AaG8oaPFDaB6','ACTIVE','SYS_ADMIN','user',4);

---INSERT ADDRESS DETAILS
INSERT INTO COMPANY (ID,CELLPHONE,COMPANY_NAME,EMAIL_ADDRESS,PHONE,COMPANY_WEBSITE_URL,CONTACT_PERSON_ID,ADDRESS_ID) VALUES(1,'000000','Test Co','tes@test.co.za','0011001100','www',1,1); 
INSERT INTO COMPANY (ID,CELLPHONE,COMPANY_NAME,EMAIL_ADDRESS,PHONE,COMPANY_WEBSITE_URL,CONTACT_PERSON_ID,ADDRESS_ID) VALUES(2,'000000','F and V','fv@test.co.za','0011001100','www',2,2); 
INSERT INTO COMPANY (ID,CELLPHONE,COMPANY_NAME,EMAIL_ADDRESS,PHONE,COMPANY_WEBSITE_URL,CONTACT_PERSON_ID,ADDRESS_ID) VALUES(3,'000000','Mako Co','mak@test.co.za','0011001100','www',3,3); 
INSERT INTO COMPANY (ID,CELLPHONE,COMPANY_NAME,EMAIL_ADDRESS,PHONE,COMPANY_WEBSITE_URL,CONTACT_PERSON_ID,ADDRESS_ID) VALUES(4,'000000','Spa Co','spa@test.co.za','0011001100','www',4,4); 

INSERT INTO QUEUE_HEADER (ID,NAME,QUEUE_PREFIX,QUEUE_STATUS,QUEUE_START_DATE,QUEUE_INTERVALS,
NUMBER_ALLOWED_AT_A_TIME,REASON_FOR_STOPPING_QUEUE,QUEUE_END_DATE,TOTAL_IN_QUEUE,COMPANY_ID) 
VALUES(1,'MakoQueue','MAK','ACTIVE','2020-05-02 23:03:38', 10, 100,'','2020-05-02 23:03:38',0,1);

INSERT INTO QUEUE_HEADER (ID,NAME,QUEUE_PREFIX,QUEUE_STATUS,QUEUE_START_DATE,QUEUE_INTERVALS,
NUMBER_ALLOWED_AT_A_TIME,REASON_FOR_STOPPING_QUEUE,QUEUE_END_DATE,TOTAL_IN_QUEUE,COMPANY_ID) 
VALUES(2,'SpaQueue','SAP','ACTIVE','2020-05-02 23:03:38', 10, 100,'','2020-05-02 23:03:38',0,2);


INSERT INTO QUEUE (ID,QUEUE_NUMBER,QUEUE_DATE,QUEUE_STATUS,PROCESSED_DATE,PERSON_ID,QUEUE_HEADER_ID) VALUES(1,'0000001','2020-05-02 23:03:38','ACTIVE','2020-05-02 23:03:38', 1,1);
INSERT INTO QUEUE (ID,QUEUE_NUMBER,QUEUE_DATE,QUEUE_STATUS,PROCESSED_DATE,PERSON_ID,QUEUE_HEADER_ID) VALUES(2,'0000001','2020-05-02 23:03:38','ACTIVE','2020-05-02 23:03:38', 2,1);
INSERT INTO QUEUE (ID,QUEUE_NUMBER,QUEUE_DATE,QUEUE_STATUS,PROCESSED_DATE,PERSON_ID,QUEUE_HEADER_ID) VALUES(3,'0000001','2020-05-02 23:03:38','ACTIVE','2020-05-02 23:03:38', 3,1);
INSERT INTO QUEUE (ID,QUEUE_NUMBER,QUEUE_DATE,QUEUE_STATUS,PROCESSED_DATE,PERSON_ID,QUEUE_HEADER_ID) VALUES(4,'0000001','2020-05-02 23:03:38','ACTIVE','2020-05-02 23:03:38', 4,1);
