 ---INSERT ADDRESS DETAILS
INSERT INTO ADDRESS(ID,CITY,POSTAL_CODE, ADDRESS_LINE1,ADDRESS_LINE2,SUBURB,LOCATION_PIN,DATE_CREATED)VALUES (1,'JOHANNESBURG','0000','address 1','address 2','Johannesburg','0000000000000',now()); 
INSERT INTO ADDRESS(ID,CITY,POSTAL_CODE, ADDRESS_LINE1,ADDRESS_LINE2,SUBURB,LOCATION_PIN,DATE_CREATED)VALUES (2,'JOHANNESBURG','0000','address 1','address 2','Johannesburg','0000000000000',now()); 
INSERT INTO ADDRESS(ID,CITY,POSTAL_CODE, ADDRESS_LINE1,ADDRESS_LINE2,SUBURB,LOCATION_PIN,DATE_CREATED)VALUES (3,'JOHANNESBURG','0000','address 1','address 2','Johannesburg','0000000000000',now()); 
INSERT INTO ADDRESS(ID,CITY,POSTAL_CODE, ADDRESS_LINE1,ADDRESS_LINE2,SUBURB,LOCATION_PIN,DATE_CREATED)VALUES (4,'JOHANNESBURG','0000','address 1','address 2','Johannesburg','0000000000000',now()); 
   
     
---INSERT PERSON DETAILS
INSERT INTO PERSON (ID,CELLPHONE,EMAIL_ADDRESS,NAME,SURNAME,ID_NUMBER,ADDRESS_ID) VALUES (1,'0000000000','test@gmail.com','abel', 'abel','',1); 
INSERT INTO PERSON (ID,CELLPHONE,EMAIL_ADDRESS,NAME,SURNAME,ID_NUMBER,ADDRESS_ID) VALUES (2,'0000000000','test2@gmail.com','suresh', 'suresh','',2); 
INSERT INTO PERSON (ID,CELLPHONE,EMAIL_ADDRESS,NAME,SURNAME,ID_NUMBER,ADDRESS_ID) VALUES (3,'0000000000','test3@gmail.com','sudhir', 'sudhir','',3); 
INSERT INTO PERSON (ID,CELLPHONE,EMAIL_ADDRESS,NAME,SURNAME,ID_NUMBER,ADDRESS_ID) VALUES (4,'0000000000','test4@gmail.com','user', 'user','',4); 
                

---INSERT USER DETAILS
--password = string
INSERT INTO SYS_USER (ID,LAST_SIGNED_IN,PASSWORD,USER_STATUS,USER_TYPE,USER_NAME,PERSON_ID) VALUES (1,'2020-04-20','$2a$10$MulQcwryenw/PDgUXOIUf.5KcDgHoeXvwAJfPn8O5AaG8oaPFDaB6','ACTIVE','SYS_ADMIN','abel',1); 
INSERT INTO SYS_USER (ID,LAST_SIGNED_IN,PASSWORD,USER_STATUS,USER_TYPE,USER_NAME,PERSON_ID) VALUES (2,'2020-04-20','$2a$10$MulQcwryenw/PDgUXOIUf.5KcDgHoeXvwAJfPn8O5AaG8oaPFDaB6','ACTIVE','SYS_ADMIN','suresh',2); 
INSERT INTO SYS_USER (ID,LAST_SIGNED_IN,PASSWORD,USER_STATUS,USER_TYPE,USER_NAME,PERSON_ID) VALUES (3,'2020-04-20','$2a$10$MulQcwryenw/PDgUXOIUf.5KcDgHoeXvwAJfPn8O5AaG8oaPFDaB6','ACTIVE','SYS_ADMIN','sudhir',3); 
INSERT INTO SYS_USER (ID,LAST_SIGNED_IN,PASSWORD,USER_STATUS,USER_TYPE,USER_NAME,PERSON_ID) VALUES (4,'2020-04-20','$2a$10$MulQcwryenw/PDgUXOIUf.5KcDgHoeXvwAJfPn8O5AaG8oaPFDaB6','ACTIVE','SYS_ADMIN','user',4);

---INSERT COMPANY DETAILS
INSERT INTO COMPANY (ID,CELLPHONE,COMPANY_NAME,EMAIL_ADDRESS,PHONE,COMPANY_WEBSITE_URL,CONTACT_PERSON_ID,ADDRESS_ID,IS_COMPANY_ACTIVE,DATE_CREATED,LOGO) VALUES(1,'000000','SPAR','tes@test.co.za','0011001100','www',1,1,true,now(),'https://www.spar.co.za/SPAR/media/img/SPAR_Logo_1.jpg'); 
INSERT INTO COMPANY (ID,CELLPHONE,COMPANY_NAME,EMAIL_ADDRESS,PHONE,COMPANY_WEBSITE_URL,CONTACT_PERSON_ID,ADDRESS_ID,IS_COMPANY_ACTIVE,DATE_CREATED,LOGO) VALUES(2,'000000','Makro','fv@test.co.za','0011001100','www',2,2,true,now(),'https://www.makro.co.za/sys-master/images/hf2/h3e/9039461580830/Makro-logo-white.png'); 
INSERT INTO COMPANY (ID,CELLPHONE,COMPANY_NAME,EMAIL_ADDRESS,PHONE,COMPANY_WEBSITE_URL,CONTACT_PERSON_ID,ADDRESS_ID,IS_COMPANY_ACTIVE,DATE_CREATED,LOGO) VALUES(3,'000000','GAME','mak@test.co.za','0011001100','www',3,3,true,now(),'https://www.game.co.za/medias/gamelogo.png?context=bWFzdGVyfGltYWdlc3w3NzMzfGltYWdlL3BuZ3xpbWFnZXMvaDU1L2gxYi84ODY1MjY5MTIxMDU0LnBuZ3w0OGNmOTVkOWQ3NjBmNzQ4YThlMWZhYWViYmFkNzQ3MzM1Y2U3N2IzNDI3NjdhMzhlODgxMzZmMTIxNTBiMjY0'); 
INSERT INTO COMPANY (ID,CELLPHONE,COMPANY_NAME,EMAIL_ADDRESS,PHONE,COMPANY_WEBSITE_URL,CONTACT_PERSON_ID,ADDRESS_ID,IS_COMPANY_ACTIVE,DATE_CREATED,LOGO) VALUES(4,'000000','Food Lovers Market','spa@test.co.za','0011001100','www',4,4,true,now(),'https://eu003.leafletcdns.com/co.za/data/106/logo.png'); 

INSERT INTO QUEUE_HEADER (ID,NAME,QUEUE_STATUS,QUEUE_DATE,QUEUE_INTERVALS_IN_MINUTES,
NUMBER_ALLOWED_AT_A_TIME,REASON_FOR_STOPPING_QUEUE,QUEUE_END_DATE,TOTAL_IN_QUEUE,COMPANY_ID, CREATED_BY_USER_ID) 
VALUES(1,'MakoQueue','ACTIVE',now(), 10, 100,'',now(),0,1,1);

INSERT INTO QUEUE_HEADER (ID,NAME,QUEUE_STATUS,QUEUE_DATE,QUEUE_INTERVALS_IN_MINUTES,
NUMBER_ALLOWED_AT_A_TIME,REASON_FOR_STOPPING_QUEUE,QUEUE_END_DATE,TOTAL_IN_QUEUE,COMPANY_ID,CREATED_BY_USER_ID) 
VALUES(2,'SpaQueue','ACTIVE',now(), 10, 100,'',now(),0,2,2);


INSERT INTO QUEUE (ID,QUEUE_NUMBER,QUEUE_DATE,QUEUE_STATUS,EXPECTED_PROCESSED_TIME,PERSON_ID,QUEUE_HEADER_ID) VALUES(1,'0000001',now(),'ACTIVE',now(), 1,1);
INSERT INTO QUEUE (ID,QUEUE_NUMBER,QUEUE_DATE,QUEUE_STATUS,EXPECTED_PROCESSED_TIME,PERSON_ID,QUEUE_HEADER_ID) VALUES(2,'0000001',now(),'ACTIVE',now(), 2,1);
INSERT INTO QUEUE (ID,QUEUE_NUMBER,QUEUE_DATE,QUEUE_STATUS,EXPECTED_PROCESSED_TIME,PERSON_ID,QUEUE_HEADER_ID) VALUES(3,'0000001',now(),'ACTIVE',now(), 3,1);
INSERT INTO QUEUE (ID,QUEUE_NUMBER,QUEUE_DATE,QUEUE_STATUS,EXPECTED_PROCESSED_TIME,PERSON_ID,QUEUE_HEADER_ID) VALUES(4,'0000001',now(),'ACTIVE',now(), 4,1);
